{
  "document": "Commercial_Contract",
  "table_count": 20,
  "tables": [
    [
      {
        "0": "Non-opioid"
      },
      {
        "0": "Acetaminophen (Tylenol\u00ae) suppositories",
        "1": "80mg, 120mg, 325mg, 650mg"
      },
      {
        "0": "Acetaminophen (Tylenol\u00ae) oral liquids/drops",
        "1": "80mg/0.8mL, 160mg/5mL, 500mg/15mL"
      },
      {
        "0": "Acetaminophen (Tylenol\u00ae) tablets",
        "1": "80mg, 325mg, 500mg, 650mg (extended- release)"
      },
      {
        "0": "Aspirin tablets, regular, chewable, enteric- coated, buffered",
        "1": "81mg, 325mg, 500mg"
      },
      {
        "0": "Aspirin suppository",
        "1": "300mg"
      },
      {
        "0": "Diclofenac (Voltaren\u00ae) tablets",
        "1": "50mg, 75mg"
      },
      {
        "0": "Ibuprofen (Advil\u00ae, Motrin\u00ae) oral liquids",
        "1": "100mg/5ml"
      },
      {
        "0": "Ibuprofen (Advil\u00ae, Motrin\u00ae) tablets",
        "1": "200mg, 400mg, 600mg, 800mg"
      },
      {
        "0": "Nabumetone (Relafen\u00ae) tablets",
        "1": "500mg, 750mg"
      },
      {
        "0": "Naproxen (Naprosyn\u00ae, Aleve\u00ae) tablets and oral liquids",
        "1": "Tab: 220mg, 250mg, 375mg, 500mg; Oral liquid: 125mg/5mL"
      },
      {
        "0": "Opioid, Immediate-Release"
      },
      {
        "0": "Acetaminophen-codeine (Tylenol with Codeine\u00ae No. 2, No.3 & No.4 ) tablets",
        "1": "300mg-15mg, 300mg-30mg, 300mg-60mg"
      },
      {
        "0": "Acetaminophen-codeine (Tylenol with",
        "1": "120mg-12mg/5mL"
      }
    ],
    [
      {
        "0": "Codeine\u00ae) oral liquid",
        "1": ""
      },
      {
        "0": "Hydrocodone-acetaminophen (Lortab\u00ae, Lorcet\u00ae, Norco\u00ae, Vicodin\u00ae) tablets and oral liquids",
        "1": "Tab: 5-325mg, 7.5-325mg, 10-325mg, oral liquid: 7.5-325mg/15mL,"
      },
      {
        "0": "Hydromorphone (Dilaudid\u00ae) oral liquids",
        "1": "1mg/mL"
      },
      {
        "0": "Hydromorphone (Dilaudid\u00ae) tablets",
        "1": "2mg, 4mg, 8mg"
      },
      {
        "0": "Hydromorphone (Dilaudid\u00ae) suppositories",
        "1": "3mg"
      },
      {
        "0": "Methadone (Dolophine\u00ae, Methadose\u00ae) oral liquids",
        "1": "1mg/mL, 2mg/mL, 10mg/mL"
      },
      {
        "0": "Methadone (Dolophine\u00ae, Methadose\u00ae) tablets",
        "1": "5mg, 10mg"
      },
      {
        "0": "Morphine solutions for injection",
        "1": "All strengths, vial sizes"
      },
      {
        "0": "Morphine immediate-release (MSIR\u00ae) tablets",
        "1": "15mg, 30mg"
      },
      {
        "0": "Morphine (Roxanol\u00ae) oral concentrated liquids",
        "1": "20mg/mL"
      },
      {
        "0": "Morphine oral liquids",
        "1": "10mg/5mL, 20mg/5mL,"
      },
      {
        "0": "Morphine rectal suppositories",
        "1": "5mg, 10mg, 20mg, 30mg"
      },
      {
        "0": "Oxycodone (Roxicodone\u00ae) oral liquids",
        "1": "5mg/5mL,"
      },
      {
        "0": "Oxycodone immediate-release (OxyIR\u00ae) tablets",
        "1": "5mg, 10mg, 15mg, 20mg, 30mg"
      },
      {
        "0": "Oxycodone-acetaminophen (Percocet\u00ae) tablet and oral liquid",
        "1": "5-325mg, 5-325mg/5ml"
      },
      {
        "0": "Tramadol (Ultram\u00ae) tablet",
        "1": "50mg"
      },
      {
        "0": "Opioid, Long-Acting"
      },
      {
        "0": "Fentanyl transdermal (Duragesic\u00ae) patches",
        "1": "12mcg/hr, 25mcg/hr, 50mcg/hr, 75mcg/hr, 100mcg/hr"
      },
      {
        "0": "Methadone (Dolophine\u00ae, Methadose\u00ae) oral liquids",
        "1": "1mg/mL, 2mg/mL, 10mg/mL,"
      }
    ],
    [
      {
        "0": "Methadone (Dolophine\u00ae, Methadose\u00ae) tablets",
        "1": "5mg, 10mg"
      },
      {
        "0": "Morphine LA (Kadian\u00ae) capsules (RESTRICTED)",
        "1": "10mg, 20mg, 30mg, 40mg, 50mg, 60mg, 80mg, 100mg, 200mg"
      },
      {
        "0": "Morphine SR (MS Contin\u00ae) tablets",
        "1": "15mg, 30mg, 60mg, 100mg, 200mg"
      }
    ],
    [
      {
        "0": "",
        "1": "A",
        "2": "B",
        "3": "C",
        "4": "D",
        "5": "E"
      },
      {
        "0": "",
        "1": "Brand",
        "2": "Brand",
        "3": "Generic",
        "4": "Generic",
        "5": "MAC"
      },
      {
        "0": "",
        "1": "WAC",
        "2": "Disp Fee",
        "3": "WAC",
        "4": "Disp Fee",
        "5": "Disp Fee"
      },
      {
        "0": "Rate",
        "1": "-31.25%",
        "2": "$1.50",
        "3": "+0.00%",
        "4": "$1.50",
        "5": "$1.50"
      }
    ],
    [
      {
        "0": "",
        "1": "A",
        "2": "B",
        "3": "C",
        "4": "D",
        "5": "E"
      },
      {
        "0": "",
        "1": "Brand",
        "2": "Brand",
        "3": "Generic",
        "4": "Generic",
        "5": "MAC"
      },
      {
        "0": "",
        "1": "WAC",
        "2": "Disp Fee",
        "3": "WAC",
        "4": "Disp Fee",
        "5": "Disp Fee"
      },
      {
        "0": "Rate",
        "1": "- 3.50%",
        "2": "$0.50",
        "3": "+ 0.00%",
        "4": "$0.50",
        "5": "$0.50"
      }
    ],
    [
      {
        "0": "",
        "1": "A",
        "2": "B",
        "3": "C",
        "4": "D",
        "5": "E"
      },
      {
        "0": "",
        "1": "Brand",
        "2": "Brand",
        "3": "Generic",
        "4": "Generic",
        "5": "MAC"
      },
      {
        "0": "",
        "1": "WAC",
        "2": "Disp Fee",
        "3": "WAC",
        "4": "Disp Fee",
        "5": "Disp Fee"
      },
      {
        "0": "Rate",
        "1": "- 1.50%",
        "2": "$1.00",
        "3": "+10.00%",
        "4": "$1.00",
        "5": "$1.00"
      }
    ],
    [
      {
        "0": "",
        "1": "A",
        "2": "B",
        "3": "C",
        "4": "D",
        "5": "E"
      },
      {
        "0": "",
        "1": "Brand",
        "2": "Brand",
        "3": "Generic",
        "4": "Generic",
        "5": "MAC"
      },
      {
        "0": "",
        "1": "WAC",
        "2": "Disp Fee",
        "3": "WAC",
        "4": "Disp Fee",
        "5": "Disp Fee"
      },
      {
        "0": "Rate",
        "1": "+ 5.00%",
        "2": "$0.50",
        "3": "- 10.00%",
        "4": "$0.50",
        "5": "$0.50"
      }
    ],
    [
      {
        "0": "",
        "1": "A",
        "2": "B",
        "3": "C",
        "4": "D",
        "5": "E"
      },
      {
        "0": "",
        "1": "Brand",
        "2": "Brand",
        "3": "Generic",
        "4": "Generic",
        "5": "MAC"
      },
      {
        "0": "",
        "1": "WAC",
        "2": "Disp Fee",
        "3": "WAC",
        "4": "Disp Fee",
        "5": "Disp Fee"
      },
      {
        "0": "All Other Specialty Medications",
        "1": "+ 5.00%",
        "2": "$0.00",
        "3": "- 0.00%",
        "4": "$0.00",
        "5": "$0.00"
      },
      {
        "0": "IVIG Products",
        "1": "- 10.00%",
        "2": "$0.00",
        "3": "- 0.00%",
        "4": "$0.00",
        "5": "$0.00"
      },
      {
        "0": "Infertility Products",
        "1": "+ 2.00%",
        "2": "$0.00",
        "3": "- 0.00%",
        "4": "$0.00",
        "5": "$0.00"
      },
      {
        "0": "Hemophilia Products",
        "1": "- 17.00%",
        "2": "$0.00",
        "3": "- 0.00%",
        "4": "$0.00",
        "5": "$0.00"
      }
    ],
    [
      {
        "0": "Brand",
        "2": "Generic",
        "4": "MAC"
      },
      {
        "0": "\"A\"",
        "1": "\"B\"",
        "2": "\"(\"",
        "3": "\"D\"",
        "4": "\"F\""
      },
      {
        "0": "WAC",
        "1": "Dispense Fee",
        "2": "WAC",
        "3": "Dispense Fee",
        "4": "MAC Fee"
      },
      {
        "0": "-1.30%",
        "1": "$1.00",
        "2": "+19.50%",
        "3": "$1.00",
        "4": "$1.00"
      }
    ],
    [
      {
        "0": "",
        "1": "A",
        "2": "B",
        "3": "C",
        "4": "D",
        "5": "E"
      },
      {
        "0": "",
        "1": "Brand",
        "2": "Brand",
        "3": "Generic",
        "4": "Generic",
        "5": "MAC"
      },
      {
        "0": "Rate",
        "1": "WAC",
        "2": "Disp Fee",
        "3": "WAC",
        "4": "Disp Fee",
        "5": "Disp Fee"
      },
      {
        "0": "",
        "1": "+3.10%",
        "2": "$4.00",
        "3": "+20.50%",
        "4": "$4.00",
        "5": "$4.00"
      }
    ],
    [
      {
        "0": "_ Last Name",
        "1": "First Name",
        "2": "Middle"
      },
      {
        "0": "Initial",
        "1": "",
        "2": ""
      },
      {
        "0": "CURRENT LICENSURE INFORMATION (Submit Copy of Current Renewal):",
        "2": ""
      }
    ],
    [
      {
        "0": "Non-opioid"
      },
      {
        "0": "Acetaminophen (Tylenol\u00ae) suppositories",
        "1": "80mg, 120mg, 325mg, 650mg"
      },
      {
        "0": "Acetaminophen (Tylenol\u00ae) oral liquids/drops",
        "1": "80mg/0.8mL, 160mg/5mL, 500mg/15mL"
      },
      {
        "0": "Acetaminophen (Tylenol\u00ae) tablets",
        "1": "80mg, 325mg, 500mg, 650mg (extended- release)"
      },
      {
        "0": "Aspirin tablets, regular, chewable, enteric-coated, buffered",
        "1": "81mg, 325mg, 500mg"
      },
      {
        "0": "Aspirin suppository",
        "1": "300mg"
      },
      {
        "0": "Diclofenac (Voltaren\u00ae) tablets",
        "1": "50mg, 75mg"
      },
      {
        "0": "Ibuprofen (Advil\u00ae, Motrin\u00ae) oral liquids",
        "1": "100mg/5mL"
      },
      {
        "0": "Ibuprofen (Advil\u00ae, Motrin\u00ae) tablets",
        "1": "200mg, 400mg, 600mg, 800mg"
      },
      {
        "0": "Nabumetone (Relafen\u00ae) tablets",
        "1": "500mg, 750mg"
      },
      {
        "0": "Naproxen (Naprosyn\u00ae, Aleve\u00ae) tablets and oral liquids",
        "1": "Tab: 220mg, 250mg, 375mg, 500mg; Oral liquid: 125mg/5ml"
      },
      {
        "0": "Opioid, Immediate-Release"
      },
      {
        "0": "Acetaminophen-codeine (Tylenol with Codeine\u00ae No. 2, No.3 & No.4 ) tablets",
        "1": "300mg-15mg, 300mg-30mg, 300mg-60mg"
      },
      {
        "0": "Acetaminophen-codeine (Tylenol with Codeine\u00ae) oral liquid",
        "1": "120mg-12mg/5ml"
      },
      {
        "0": "Hydrocodone-acetaminophen (Lortab\u00ae, Lorcet\u00ae, Norco\u00ae, Vicodin\u00ae) tablets and oral liquids",
        "1": "Tab: 5-325mg, 7.5-325mg, 10-325mg, oral liquid: 7.5-325mg/15mL,"
      }
    ],
    [
      {
        "0": "Hydromorphone (Dilaudid\u00ae) oral liquids",
        "1": "1mg/mL"
      },
      {
        "0": "Hydromorphone (Dilaudid\u00ae) tablets",
        "1": "2mg, 4mg, 8mg"
      },
      {
        "0": "Hydromorphone (Dilaudid\u00ae) suppositories",
        "1": "3mg"
      },
      {
        "0": "Methadone (Dolophine\u00ae, Methadose\u00ae) oral liquids",
        "1": "1mg/mL, 2mg/mL, 10mg/mL"
      },
      {
        "0": "Methadone (Dolophine\u00ae, Methadose\u00ae) tablets",
        "1": "5mg, 10mg"
      },
      {
        "0": "Morphine solutions for injection",
        "1": "All strengths, vial sizes"
      },
      {
        "0": "Morphine immediate-release (MSIR\u00ae) tablets",
        "1": "15mg, 30mg"
      },
      {
        "0": "Morphine (Roxanol\u00ae) oral concentrated liquids",
        "1": "20mg/mL"
      },
      {
        "0": "Morphine oral liquids",
        "1": "10mg/5mL, 20mg/5mL,"
      },
      {
        "0": "Morphine rectal suppositories",
        "1": "5mg, 10mg, 20mg, 30mg"
      },
      {
        "0": "Oxycodone (Roxicodone\u00ae) oral liquids",
        "1": "5mg/5mL,"
      },
      {
        "0": "Oxycodone immediate-release (OxyIR\u00ae) tablets",
        "1": "5mg, 10mg, 15mg, 20mg, 30mg"
      },
      {
        "0": "Oxycodone-acetaminophen (Percocet\u00ae) tablet and oral liquid",
        "1": "5-325mg, 5-325mg/5mL"
      },
      {
        "0": "Tramadol (Ultram\u00ae) tablet",
        "1": "50mg"
      },
      {
        "0": "Opioid, Long-Acting"
      },
      {
        "0": "Fentanyl transdermal (Duragesic\u00ae) patches",
        "1": "12mcg/hr, 25mcg/hr, 50mcg/hr, 75mcg/hr, 100mcg/hr"
      },
      {
        "0": "Methadone (Dolophine\u00ae, Methadose\u00ae) oral liquids",
        "1": "1mg/mL, 2mg/mL, 10mg/mL,"
      },
      {
        "0": "Methadone (Dolophine\u00ae, Methadose\u00ae) tablets",
        "1": "5mg, 10mg"
      },
      {
        "0": "Morphine LA (Kadian\u00ae) capsules (RESTRICTED)",
        "1": "10mg, 20mg, 30mg, 40mg, 50mg, 60mg, 80mg, 100mg, 200mg"
      },
      {
        "0": "Morphine SR (MS Contin\u00ae) tablets",
        "1": "15mg, 30mg, 60mg, 100mg, 200mg"
      }
    ],
    [
      {
        "0": "",
        "1": "A",
        "2": "B",
        "3": "C",
        "4": "D",
        "5": "E"
      },
      {
        "0": "",
        "1": "Brand",
        "2": "Brand",
        "3": "Generic",
        "4": "Generic",
        "5": "MAC"
      },
      {
        "0": "",
        "1": "WAC",
        "2": "Disp Fee",
        "3": "WAC",
        "4": "Disp Fee",
        "5": "Disp Fee"
      },
      {
        "0": "Rate",
        "1": "-31.25%",
        "2": "$1.50",
        "3": "+0.00%",
        "4": "$1.50",
        "5": "$1.50"
      }
    ],
    [
      {
        "0": "",
        "1": "A",
        "2": "B",
        "3": "C",
        "4": "D",
        "5": "E"
      },
      {
        "0": "",
        "1": "Brand",
        "2": "Brand",
        "3": "Generic",
        "4": "Generic",
        "5": "MAC"
      },
      {
        "0": "",
        "1": "WAC",
        "2": "Disp Fee",
        "3": "WAC",
        "4": "Disp Fee",
        "5": "Disp Fee"
      },
      {
        "0": "Rate",
        "1": "- 3.50%",
        "2": "$0.50",
        "3": "+ 0.00%",
        "4": "$0.50",
        "5": "$0.50"
      }
    ],
    [
      {
        "0": "",
        "1": "A",
        "2": "B",
        "3": "C",
        "4": "D",
        "5": "E"
      },
      {
        "0": "",
        "1": "Brand",
        "2": "Brand",
        "3": "Generic",
        "4": "Generic",
        "5": "MAC"
      },
      {
        "0": "",
        "1": "WAC",
        "2": "Disp Fee",
        "3": "WAC",
        "4": "Disp Fee",
        "5": "Disp Fee"
      },
      {
        "0": "Rate",
        "1": "- 1.50%",
        "2": "$1.00",
        "3": "+10.00%",
        "4": "$1.00",
        "5": "$1.00"
      }
    ],
    [
      {
        "0": "",
        "1": "A",
        "2": "B",
        "3": "C",
        "4": "D",
        "5": "E"
      },
      {
        "0": "",
        "1": "Brand",
        "2": "Brand",
        "3": "Generic",
        "4": "Generic",
        "5": "MAC"
      },
      {
        "0": "",
        "1": "WAC",
        "2": "Disp Fee",
        "3": "WAC",
        "4": "Disp Fee",
        "5": "Disp Fee"
      },
      {
        "0": "Rate",
        "1": "+ 7.00%",
        "2": "$0.30",
        "3": "- 10.00%",
        "4": "$0.30",
        "5": "$0.30"
      }
    ],
    [
      {
        "0": "",
        "1": "A",
        "2": "B",
        "3": "C",
        "4": "D",
        "5": "E"
      },
      {
        "0": "",
        "1": "Brand",
        "2": "Brand",
        "3": "Generic",
        "4": "Generic",
        "5": "MAC"
      },
      {
        "0": "",
        "1": "WAC",
        "2": "Disp Fee",
        "3": "WAC",
        "4": "Disp Fee",
        "5": "Disp Fee"
      },
      {
        "0": "All Other Specialty Medications",
        "1": "+ 7.00%",
        "2": "$0.00",
        "3": "- 0.00%",
        "4": "$0.00",
        "5": "$0.00"
      },
      {
        "0": "IVIG Products",
        "1": "- 10.00%",
        "2": "$0.00",
        "3": "- 0.00%",
        "4": "$0.00",
        "5": "$0.00"
      },
      {
        "0": "Infertility Products",
        "1": "+ 2.00%",
        "2": "$0.00",
        "3": "- 0.00%",
        "4": "$0.00",
        "5": "$0.00"
      },
      {
        "0": "Hemophilia Products",
        "1": "- 17.00%",
        "2": "$0.00",
        "3": "- 0.00%",
        "4": "$0.00",
        "5": "$0.00"
      }
    ],
    [
      {
        "0": "Brand",
        "2": "Generic",
        "4": "MAC"
      },
      {
        "0": "\"A\"",
        "1": "\"B\"",
        "2": "\"C\"",
        "3": "\"D'",
        "4": "\"E\""
      },
      {
        "0": "WAC",
        "1": "Dispense Fee",
        "2": "WAC",
        "3": "Dispense Fee",
        "4": "MAC Fee"
      },
      {
        "0": "-1.55%",
        "1": "$1.00",
        "2": "+19.25%",
        "3": "$1.00",
        "4": "$1.00"
      }
    ],
    [
      {
        "0": "",
        "1": "A",
        "2": "B",
        "3": "C",
        "4": "D",
        "5": "E"
      },
      {
        "0": "",
        "1": "Brand",
        "2": "Brand",
        "3": "Generic",
        "4": "Generic",
        "5": "MAC"
      },
      {
        "0": "Rate",
        "1": "WAC",
        "2": "Disp Fee",
        "3": "WAC",
        "4": "Disp Fee",
        "5": "Disp Fee"
      },
      {
        "0": "",
        "1": "+3.10%",
        "2": "$4.00",
        "3": "+20.50%",
        "4": "$4.00",
        "5": "$4.00"
      }
    ]
  ]
}