{
  "document": "MedicareContract",
  "table_count": 2,
  "tables": [
    [
      {
        "0": "",
        "1": "A",
        "2": "B",
        "3": "C",
        "4": "D",
        "5": "E"
      },
      {
        "0": "",
        "1": "Brand",
        "2": "Brand",
        "3": "Generic",
        "4": "Generic",
        "5": "MAC"
      },
      {
        "0": "",
        "1": "WAC",
        "2": "Disp Fee",
        "3": "WAC",
        "4": "Disp Fee",
        "5": "Disp Fee"
      },
      {
        "0": "Rate",
        "1": "-6.00%",
        "2": "$0.30",
        "3": "- 10.00%",
        "4": "$0.30",
        "5": "$0.30"
      }
    ],
    [
      {
        "0": "",
        "1": "A",
        "2": "B",
        "3": "C",
        "4": "D",
        "5": "E"
      },
      {
        "0": "",
        "1": "Brand",
        "2": "Brand",
        "3": "Generic",
        "4": "Generic",
        "5": "MAC"
      },
      {
        "0": "",
        "1": "WAC",
        "2": "Disp Fee",
        "3": "WAC",
        "4": "Disp Fee",
        "5": "Disp Fee"
      },
      {
        "0": "All Other Specialty Medications",
        "1": "-6.00%",
        "2": "$0.00",
        "3": "- 0.00%",
        "4": "$0.00",
        "5": "$0.00"
      },
      {
        "0": "IVIG Products",
        "1": "- 18.00%",
        "2": "$0.00",
        "3": "- 0.00%",
        "4": "$0.00",
        "5": "$0.00"
      },
      {
        "0": "Infertility Products",
        "1": "- 6.00%",
        "2": "$0.00",
        "3": "- 0.00%",
        "4": "$0.00",
        "5": "$0.00"
      },
      {
        "0": "Hemophilia Products",
        "1": "- 25.00%",
        "2": "$0.00",
        "3": "- 0.00%",
        "4": "$0.00",
        "5": "$0.00"
      }
    ]
  ]
}