[
  {
    "id": "7325353f-ab3e-460b-a217-f781bd91f43d",
    "document_name": "Commercial_Contract.pdf",
    "medication_type": "Non-Specialty",
    "category": "Base Rate",
    "text": "Document: Commercial_Contract.pdf | Medication type: Non-Specialty | Category: Base Rate | Brand WAC discount: 31.25% | Brand dispensing fee: $1.50 | Generic WAC discount: 0.00% | Generic dispensing fee: $1.50 | MAC dispensing fee: $1.50"
  },
  {
    "id": "5bb83cda-0775-477b-8218-652da5c5696c",
    "document_name": "Commercial_Contract.pdf",
    "medication_type": "Non-Specialty",
    "category": "Base Rate",
    "text": "Document: Commercial_Contract.pdf | Medication type: Non-Specialty | Category: Base Rate | Brand WAC discount: 3.50% | Brand dispensing fee: $0.50 | Generic WAC discount: 0.00% | Generic dispensing fee: $0.50 | MAC dispensing fee: $0.50"
  },
  {
    "id": "072ba506-fbba-4f5e-a247-24e1e77143f2",
    "document_name": "Commercial_Contract.pdf",
    "medication_type": "Non-Specialty",
    "category": "Base Rate",
    "text": "Document: Commercial_Contract.pdf | Medication type: Non-Specialty | Category: Base Rate | Brand WAC discount: 1.50% | Brand dispensing fee: $1.00 | Generic WAC discount: 10.00% | Generic dispensing fee: $1.00 | MAC dispensing fee: $1.00"
  },
  {
    "id": "2b3fd934-30f7-423f-9286-b0d18906f870",
    "document_name": "Commercial_Contract.pdf",
    "medication_type": "Non-Specialty",
    "category": "Base Rate",
    "text": "Document: Commercial_Contract.pdf | Medication type: Non-Specialty | Category: Base Rate | Brand WAC discount: 5.00% | Brand dispensing fee: $0.50 | Generic WAC discount: 10.00% | Generic dispensing fee: $0.50 | MAC dispensing fee: $0.50"
  },
  {
    "id": "9b31013d-489d-4908-96d1-2c1f69b5fc9b",
    "document_name": "Commercial_Contract.pdf",
    "medication_type": "Specialty",
    "category": "All Other Specialty Medications",
    "text": "Document: Commercial_Contract.pdf | Medication type: Specialty | Category: All Other Specialty Medications | Brand WAC discount: 5.00% | Brand dispensing fee: $0.00 | Generic WAC discount: 0.00% | Generic dispensing fee: $0.00 | MAC dispensing fee: $0.00"
  },
  {
    "id": "115e4528-1409-4e5d-9717-e0b849d8386c",
    "document_name": "Commercial_Contract.pdf",
    "medication_type": "Specialty",
    "category": "IVIG Products",
    "text": "Document: Commercial_Contract.pdf | Medication type: Specialty | Category: IVIG Products | Brand WAC discount: 10.00% | Brand dispensing fee: $0.00 | Generic WAC discount: 0.00% | Generic dispensing fee: $0.00 | MAC dispensing fee: $0.00"
  },
  {
    "id": "b9a34b77-ca36-4b00-aa46-b34f4840553e",
    "document_name": "Commercial_Contract.pdf",
    "medication_type": "Specialty",
    "category": "Infertility Products",
    "text": "Document: Commercial_Contract.pdf | Medication type: Specialty | Category: Infertility Products | Brand WAC discount: 2.00% | Brand dispensing fee: $0.00 | Generic WAC discount: 0.00% | Generic dispensing fee: $0.00 | MAC dispensing fee: $0.00"
  },
  {
    "id": "4e59b8f0-864e-423e-8e60-5afca7a5d69d",
    "document_name": "Commercial_Contract.pdf",
    "medication_type": "Specialty",
    "category": "Hemophilia Products",
    "text": "Document: Commercial_Contract.pdf | Medication type: Specialty | Category: Hemophilia Products | Brand WAC discount: 17.00% | Brand dispensing fee: $0.00 | Generic WAC discount: 0.00% | Generic dispensing fee: $0.00 | MAC dispensing fee: $0.00"
  },
  {
    "id": "0411f026-62d2-4aca-80e9-6635fc1284d5",
    "document_name": "Commercial_Contract.pdf",
    "medication_type": "Non-Specialty",
    "category": "Base Rate",
    "text": "Document: Commercial_Contract.pdf | Medication type: Non-Specialty | Category: Base Rate | Brand WAC discount: 0.00% | Brand dispensing fee: $0.00 | Generic WAC discount: 0.00% | Generic dispensing fee: $0.00 | MAC dispensing fee: $0.00"
  },
  {
    "id": "b2758986-4b02-4e29-a308-98f6e8983d22",
    "document_name": "Commercial_Contract.pdf",
    "medication_type": "Non-Specialty",
    "category": "Base Rate",
    "text": "Document: Commercial_Contract.pdf | Medication type: Non-Specialty | Category: Base Rate | Brand WAC discount: 31.25% | Brand dispensing fee: $1.50 | Generic WAC discount: 0.00% | Generic dispensing fee: $1.50 | MAC dispensing fee: $1.50"
  },
  {
    "id": "728b8e49-4d2d-41c2-bceb-49e87add581e",
    "document_name": "Commercial_Contract.pdf",
    "medication_type": "Non-Specialty",
    "category": "Base Rate",
    "text": "Document: Commercial_Contract.pdf | Medication type: Non-Specialty | Category: Base Rate | Brand WAC discount: 3.50% | Brand dispensing fee: $0.50 | Generic WAC discount: 0.00% | Generic dispensing fee: $0.50 | MAC dispensing fee: $0.50"
  },
  {
    "id": "04491743-e4e2-4b1c-8118-d29c6db6e81e",
    "document_name": "Commercial_Contract.pdf",
    "medication_type": "Non-Specialty",
    "category": "Base Rate",
    "text": "Document: Commercial_Contract.pdf | Medication type: Non-Specialty | Category: Base Rate | Brand WAC discount: 1.50% | Brand dispensing fee: $1.00 | Generic WAC discount: 10.00% | Generic dispensing fee: $1.00 | MAC dispensing fee: $1.00"
  },
  {
    "id": "63349d8b-8802-443b-b7f9-84ead3ebaffe",
    "document_name": "Commercial_Contract.pdf",
    "medication_type": "Non-Specialty",
    "category": "Base Rate",
    "text": "Document: Commercial_Contract.pdf | Medication type: Non-Specialty | Category: Base Rate | Brand WAC discount: 7.00% | Brand dispensing fee: $0.30 | Generic WAC discount: 10.00% | Generic dispensing fee: $0.30 | MAC dispensing fee: $0.30"
  },
  {
    "id": "8052edd4-b95f-4a50-a02b-339d32631fb2",
    "document_name": "Commercial_Contract.pdf",
    "medication_type": "Specialty",
    "category": "All Other Specialty Medications",
    "text": "Document: Commercial_Contract.pdf | Medication type: Specialty | Category: All Other Specialty Medications | Brand WAC discount: 7.00% | Brand dispensing fee: $0.00 | Generic WAC discount: 0.00% | Generic dispensing fee: $0.00 | MAC dispensing fee: $0.00"
  },
  {
    "id": "ed575988-23fc-4338-81b7-10513affb28d",
    "document_name": "Commercial_Contract.pdf",
    "medication_type": "Specialty",
    "category": "IVIG Products",
    "text": "Document: Commercial_Contract.pdf | Medication type: Specialty | Category: IVIG Products | Brand WAC discount: 10.00% | Brand dispensing fee: $0.00 | Generic WAC discount: 0.00% | Generic dispensing fee: $0.00 | MAC dispensing fee: $0.00"
  },
  {
    "id": "b69cff58-5c9c-4ae8-a8ab-ecea594c7462",
    "document_name": "Commercial_Contract.pdf",
    "medication_type": "Specialty",
    "category": "Infertility Products",
    "text": "Document: Commercial_Contract.pdf | Medication type: Specialty | Category: Infertility Products | Brand WAC discount: 2.00% | Brand dispensing fee: $0.00 | Generic WAC discount: 0.00% | Generic dispensing fee: $0.00 | MAC dispensing fee: $0.00"
  },
  {
    "id": "e01fc136-3744-4876-bb7c-28598266e804",
    "document_name": "Commercial_Contract.pdf",
    "medication_type": "Specialty",
    "category": "Hemophilia Products",
    "text": "Document: Commercial_Contract.pdf | Medication type: Specialty | Category: Hemophilia Products | Brand WAC discount: 17.00% | Brand dispensing fee: $0.00 | Generic WAC discount: 0.00% | Generic dispensing fee: $0.00 | MAC dispensing fee: $0.00"
  },
  {
    "id": "b539c8e3-2b4d-4d25-95ff-71769db83bd2",
    "document_name": "Commercial_Contract.pdf",
    "medication_type": "Non-Specialty",
    "category": "Base Rate",
    "text": "Document: Commercial_Contract.pdf | Medication type: Non-Specialty | Category: Base Rate | Brand WAC discount: 0.00% | Brand dispensing fee: $0.00 | Generic WAC discount: 0.00% | Generic dispensing fee: $0.00 | MAC dispensing fee: $0.00"
  },
  {
    "id": "b53aa1a3-085a-4559-a9b8-5467e1ae4271",
    "document_name": "MedicareContract.pdf",
    "medication_type": "Non-Specialty",
    "category": "Base Rate",
    "text": "Document: MedicareContract.pdf | Medication type: Non-Specialty | Category: Base Rate | Brand WAC discount: 6.00% | Brand dispensing fee: $0.30 | Generic WAC discount: 10.00% | Generic dispensing fee: $0.30 | MAC dispensing fee: $0.30"
  },
  {
    "id": "b33c18d1-c523-430c-9a7b-70a77a5e5d47",
    "document_name": "MedicareContract.pdf",
    "medication_type": "Specialty",
    "category": "All Other Specialty Medications",
    "text": "Document: MedicareContract.pdf | Medication type: Specialty | Category: All Other Specialty Medications | Brand WAC discount: 6.00% | Brand dispensing fee: $0.00 | Generic WAC discount: 0.00% | Generic dispensing fee: $0.00 | MAC dispensing fee: $0.00"
  },
  {
    "id": "cab2426f-ab95-49c6-8aeb-07626cefa24c",
    "document_name": "MedicareContract.pdf",
    "medication_type": "Specialty",
    "category": "IVIG Products",
    "text": "Document: MedicareContract.pdf | Medication type: Specialty | Category: IVIG Products | Brand WAC discount: 18.00% | Brand dispensing fee: $0.00 | Generic WAC discount: 0.00% | Generic dispensing fee: $0.00 | MAC dispensing fee: $0.00"
  },
  {
    "id": "4e1607ee-029c-4bcd-b484-895c6627d95a",
    "document_name": "MedicareContract.pdf",
    "medication_type": "Specialty",
    "category": "Infertility Products",
    "text": "Document: MedicareContract.pdf | Medication type: Specialty | Category: Infertility Products | Brand WAC discount: 6.00% | Brand dispensing fee: $0.00 | Generic WAC discount: 0.00% | Generic dispensing fee: $0.00 | MAC dispensing fee: $0.00"
  },
  {
    "id": "95dcddef-68b9-4e2a-abae-2d0654327891",
    "document_name": "MedicareContract.pdf",
    "medication_type": "Specialty",
    "category": "Hemophilia Products",
    "text": "Document: MedicareContract.pdf | Medication type: Specialty | Category: Hemophilia Products | Brand WAC discount: 25.00% | Brand dispensing fee: $0.00 | Generic WAC discount: 0.00% | Generic dispensing fee: $0.00 | MAC dispensing fee: $0.00"
  }
]