[
  {
    "document_name": "Commercial_Contract.pdf",
    "medication_type": "Non-Specialty",
    "category": "Base Rate",
    "brand_wac_discount": 0.3125,
    "brand_dispensing_fee": 1.5,
    "generic_wac_discount": 0.0,
    "generic_dispensing_fee": 1.5,
    "mac_dispensing_fee": 1.5
  },
  {
    "document_name": "Commercial_Contract.pdf",
    "medication_type": "Non-Specialty",
    "category": "Base Rate",
    "brand_wac_discount": 0.035,
    "brand_dispensing_fee": 0.5,
    "generic_wac_discount": 0.0,
    "generic_dispensing_fee": 0.5,
    "mac_dispensing_fee": 0.5
  },
  {
    "document_name": "Commercial_Contract.pdf",
    "medication_type": "Non-Specialty",
    "category": "Base Rate",
    "brand_wac_discount": 0.015,
    "brand_dispensing_fee": 1.0,
    "generic_wac_discount": 0.1,
    "generic_dispensing_fee": 1.0,
    "mac_dispensing_fee": 1.0
  },
  {
    "document_name": "Commercial_Contract.pdf",
    "medication_type": "Non-Specialty",
    "category": "Base Rate",
    "brand_wac_discount": 0.05,
    "brand_dispensing_fee": 0.5,
    "generic_wac_discount": 0.1,
    "generic_dispensing_fee": 0.5,
    "mac_dispensing_fee": 0.5
  },
  {
    "document_name": "Commercial_Contract.pdf",
    "medication_type": "Specialty",
    "category": "All Other Specialty Medications",
    "brand_wac_discount": 0.05,
    "brand_dispensing_fee": 0.0,
    "generic_wac_discount": 0.0,
    "generic_dispensing_fee": 0.0,
    "mac_dispensing_fee": 0.0
  },
  {
    "document_name": "Commercial_Contract.pdf",
    "medication_type": "Specialty",
    "category": "IVIG Products",
    "brand_wac_discount": 0.1,
    "brand_dispensing_fee": 0.0,
    "generic_wac_discount": 0.0,
    "generic_dispensing_fee": 0.0,
    "mac_dispensing_fee": 0.0
  },
  {
    "document_name": "Commercial_Contract.pdf",
    "medication_type": "Specialty",
    "category": "Infertility Products",
    "brand_wac_discount": 0.02,
    "brand_dispensing_fee": 0.0,
    "generic_wac_discount": 0.0,
    "generic_dispensing_fee": 0.0,
    "mac_dispensing_fee": 0.0
  },
  {
    "document_name": "Commercial_Contract.pdf",
    "medication_type": "Specialty",
    "category": "Hemophilia Products",
    "brand_wac_discount": 0.17,
    "brand_dispensing_fee": 0.0,
    "generic_wac_discount": 0.0,
    "generic_dispensing_fee": 0.0,
    "mac_dispensing_fee": 0.0
  },
  {
    "document_name": "Commercial_Contract.pdf",
    "medication_type": "Non-Specialty",
    "category": "Base Rate",
    "brand_wac_discount": 0.0,
    "brand_dispensing_fee": 0.0,
    "generic_wac_discount": 0.0,
    "generic_dispensing_fee": 0.0,
    "mac_dispensing_fee": 0.0
  },
  {
    "document_name": "Commercial_Contract.pdf",
    "medication_type": "Non-Specialty",
    "category": "Base Rate",
    "brand_wac_discount": 0.3125,
    "brand_dispensing_fee": 1.5,
    "generic_wac_discount": 0.0,
    "generic_dispensing_fee": 1.5,
    "mac_dispensing_fee": 1.5
  },
  {
    "document_name": "Commercial_Contract.pdf",
    "medication_type": "Non-Specialty",
    "category": "Base Rate",
    "brand_wac_discount": 0.035,
    "brand_dispensing_fee": 0.5,
    "generic_wac_discount": 0.0,
    "generic_dispensing_fee": 0.5,
    "mac_dispensing_fee": 0.5
  },
  {
    "document_name": "Commercial_Contract.pdf",
    "medication_type": "Non-Specialty",
    "category": "Base Rate",
    "brand_wac_discount": 0.015,
    "brand_dispensing_fee": 1.0,
    "generic_wac_discount": 0.1,
    "generic_dispensing_fee": 1.0,
    "mac_dispensing_fee": 1.0
  },
  {
    "document_name": "Commercial_Contract.pdf",
    "medication_type": "Non-Specialty",
    "category": "Base Rate",
    "brand_wac_discount": 0.07,
    "brand_dispensing_fee": 0.3,
    "generic_wac_discount": 0.1,
    "generic_dispensing_fee": 0.3,
    "mac_dispensing_fee": 0.3
  },
  {
    "document_name": "Commercial_Contract.pdf",
    "medication_type": "Specialty",
    "category": "All Other Specialty Medications",
    "brand_wac_discount": 0.07,
    "brand_dispensing_fee": 0.0,
    "generic_wac_discount": 0.0,
    "generic_dispensing_fee": 0.0,
    "mac_dispensing_fee": 0.0
  },
  {
    "document_name": "Commercial_Contract.pdf",
    "medication_type": "Specialty",
    "category": "IVIG Products",
    "brand_wac_discount": 0.1,
    "brand_dispensing_fee": 0.0,
    "generic_wac_discount": 0.0,
    "generic_dispensing_fee": 0.0,
    "mac_dispensing_fee": 0.0
  },
  {
    "document_name": "Commercial_Contract.pdf",
    "medication_type": "Specialty",
    "category": "Infertility Products",
    "brand_wac_discount": 0.02,
    "brand_dispensing_fee": 0.0,
    "generic_wac_discount": 0.0,
    "generic_dispensing_fee": 0.0,
    "mac_dispensing_fee": 0.0
  },
  {
    "document_name": "Commercial_Contract.pdf",
    "medication_type": "Specialty",
    "category": "Hemophilia Products",
    "brand_wac_discount": 0.17,
    "brand_dispensing_fee": 0.0,
    "generic_wac_discount": 0.0,
    "generic_dispensing_fee": 0.0,
    "mac_dispensing_fee": 0.0
  },
  {
    "document_name": "Commercial_Contract.pdf",
    "medication_type": "Non-Specialty",
    "category": "Base Rate",
    "brand_wac_discount": 0.0,
    "brand_dispensing_fee": 0.0,
    "generic_wac_discount": 0.0,
    "generic_dispensing_fee": 0.0,
    "mac_dispensing_fee": 0.0
  },
  {
    "document_name": "MedicareContract.pdf",
    "medication_type": "Non-Specialty",
    "category": "Base Rate",
    "brand_wac_discount": 0.06,
    "brand_dispensing_fee": 0.3,
    "generic_wac_discount": 0.1,
    "generic_dispensing_fee": 0.3,
    "mac_dispensing_fee": 0.3
  },
  {
    "document_name": "MedicareContract.pdf",
    "medication_type": "Specialty",
    "category": "All Other Specialty Medications",
    "brand_wac_discount": 0.06,
    "brand_dispensing_fee": 0.0,
    "generic_wac_discount": 0.0,
    "generic_dispensing_fee": 0.0,
    "mac_dispensing_fee": 0.0
  },
  {
    "document_name": "MedicareContract.pdf",
    "medication_type": "Specialty",
    "category": "IVIG Products",
    "brand_wac_discount": 0.18,
    "brand_dispensing_fee": 0.0,
    "generic_wac_discount": 0.0,
    "generic_dispensing_fee": 0.0,
    "mac_dispensing_fee": 0.0
  },
  {
    "document_name": "MedicareContract.pdf",
    "medication_type": "Specialty",
    "category": "Infertility Products",
    "brand_wac_discount": 0.06,
    "brand_dispensing_fee": 0.0,
    "generic_wac_discount": 0.0,
    "generic_dispensing_fee": 0.0,
    "mac_dispensing_fee": 0.0
  },
  {
    "document_name": "MedicareContract.pdf",
    "medication_type": "Specialty",
    "category": "Hemophilia Products",
    "brand_wac_discount": 0.25,
    "brand_dispensing_fee": 0.0,
    "generic_wac_discount": 0.0,
    "generic_dispensing_fee": 0.0,
    "mac_dispensing_fee": 0.0
  }
]